"0","library(tidyverse)"
"2","â”€â”€ [1mAttaching core tidyverse packages[22m â”€â”€â”€â”€â”€â”€â”€â”€â”€â”€â”€â”€â”€â”€â”€â”€â”€â”€â”€â”€â”€â”€â”€â”€â”€â”€â”€â”€â”€â”€â”€â”€â”€â”€â”€â”€â”€â”€â”€â”€â”€â”€â”€â”€â”€â”€â”€â”€â”€â”€â”€â”€â”€â”€â”€â”€â”€â”€â”€â”€â”€â”€â”€â”€ tidyverse 2.0.0 â”€â”€
[32mâœ”[39m [34mdplyr    [39m 1.1.4     [32mâœ”[39m [34mreadr    [39m 2.1.5
[32mâœ”[39m [34mforcats  [39m 1.0.0     [32mâœ”[39m [34mstringr  [39m 1.5.1
[32mâœ”[39m [34mggplot2  [39m 3.5.2     [32mâœ”[39m [34mtibble   [39m 3.2.1
[32mâœ”[39m [34mlubridate[39m 1.9.4     [32mâœ”[39m [34mtidyr    [39m 1.3.1
[32mâœ”[39m [34mpurrr    [39m 1.0.4     
"
"2","â”€â”€ [1mConflicts[22m â”€â”€â”€â”€â”€â”€â”€â”€â”€â”€â”€â”€â”€â”€â”€â”€â”€â”€â”€â”€â”€â”€â”€â”€â”€â”€â”€â”€â”€â”€â”€â”€â”€â”€â”€â”€â”€â”€â”€â”€â”€â”€â”€â”€â”€â”€â”€â”€â”€â”€â”€â”€â”€â”€â”€â”€â”€â”€â”€â”€â”€â”€â”€â”€â”€â”€â”€â”€â”€â”€â”€â”€â”€â”€â”€â”€â”€â”€â”€â”€â”€â”€ tidyverse_conflicts() â”€â”€
[31mâœ–[39m [34mdplyr[39m::[32mfilter()[39m masks [34mstats[39m::filter()
[31mâœ–[39m [34mdplyr[39m::[32mlag()[39m    masks [34mstats[39m::lag()
[36mâ„¹[39m Use the ]8;;http://conflicted.r-lib.org/conflicted package]8;; to force all conflicts to become errors
"
"0","library(usethis)"
"0","library(fredr) # 617719613982d1c6f53c7cd614d5ce59"
"0","library(hrbrthemes)"
"0","library(extrafont)"
"2","G3;Registering fonts with R
g"
"0","library(ggalt)"
"2","G3;Registered S3 methods overwritten by 'ggalt':
  method                  from   
  grid.draw.absoluteGrob  ggplot2
  grobHeight.absoluteGrob ggplot2
  grobWidth.absoluteGrob  ggplot2
  grobX.absoluteGrob      ggplot2
  grobY.absoluteGrob      ggplot2
g"
"0","library(zoo)"
"2","G3;
Attaching package: â€˜zooâ€™

g"
"2","G3;The following objects are masked from â€˜package:baseâ€™:

    as.Date, as.Date.numeric

g"
"0","library(purrr)"
"0","library(rdbnomics)"
"2","G3;Registered S3 method overwritten by 'data.table':
  method           from
  print.data.table     
g"
"2","G3;Visit <https://db.nomics.world>.
g"
"0","library(ustfd)"
"0","library(imf.data)"
"0","library(BISdata)"
"0","library(ggrepel)"
"2","G2;H2;Warningh: package â€˜ggrepelâ€™ was built under R version 4.5.1g
"
